<?xml version="1.0" encoding="UTF-8"?>
<!DOCTYPE mapper PUBLIC "-//mybatis.org//DTD Mapper 3.0//EN" "http://mybatis.org/dtd/mybatis-3-mapper.dtd" >
<mapper namespace="pay">
	<resultMap type="pay" id="payResult">
		<result property="pno" column="pno"/>
		<result property="paynum" column="paynum"/>
		<result property="pbuyer" column="pbuyer"/>
		<result property="padress" column="padress"/>
		<result property="pname" column="pname"/>
		<result property="pprice" column="pprice"/>
		<result property="pnum" column="pnum"/>
		<result property="pamount" column="pamount"/>
		<result property="pdate" column="pdate"/>
	</resultMap>


<insert id="insertPaySuccess">
<!-- INSERT INTO Pay VALUES(Pay_seq.nextval, Pay_pnum_seq.nextval, 'testID', '서울시 구로구 행복한집', '무드등', 31000, 1234, 1, sysdate) -->
INSERT INTO Pay VALUES(#{pno}, #{paynum}, #{pbuyer}, #{padress}, #{pname}, #{pprice}, #{pnum}, #{pamount}, #{pdate});
</insert>

</mapper>
