<?xml version="1.0" encoding="UTF-8"?>
<!DOCTYPE mapper PUBLIC "-//mybatis.org//DTD Mapper 3.0//EN" "http://mybatis.org/dtd/mybatis-3-mapper.dtd" >
<mapper namespace="pay">
	<resultMap type="pay" id="payResult">
		<result property="imp_uid" column="PAY_ID" /> <!-- PaymentVO의 필드=컬럼을 넣음 즉, DB와 엮어주고 잇는것 -->
		<result property="merchant_uid" column="IMPORT_ID" />
		<result property="paid_amout" column="PAY_AMOUNT" />
		<result property="apply_num" column="PER_NUM" />
		<result property="paid_at" column="PER_TIME" />
		<result property="email" column="email" />
		<result property="pbuyer" column="pbuyer" />
		<result property="pname" column="pname" />
	</resultMap>


	<insert id="insertPaySuccess">

		<!-- insert into Pay values(Pay_seq.nextval, 'jangnara', 10, 'num01', sysdate) -->
		<!-- Pay values(Pay_seq.nextval, 'jangnara', 10, 'num01', sysdate,'good@good.com') -->
		<!-- insert into Pay values(Pay_seq.nextval, 'jangnara', 10, 'num01', sysdate,'good@good.com','ksy') -->
		<!-- insert into Pay values(Pay_seq.nextval, 'jangnara', 10, 'num01', sysdate,'good@good.com','ksy','잠옷') -->
		insert into Pay  values(#{imp_uid}, #{merchant_uid},
		#{paid_amout}, #{apply_num}, #{paid_at}, #{email},#{pbuyer},#{pname})
	</insert>

</mapper>
